address,contributed (ETH)
0x4892fb9e1578c7d4cd0280a7b932d3ea99d18119,500.0
0x59795fccfbe2f166651c6b73d10a7a1522a0ed89,500.0
0xb7f1498898d70685851b5331f64bf26215f00415,220.0
0x5dd3f5a29e4e1b17a7a456364af7077efb2be020,151.05
0xb1d2b57460dc60fc35cb8e456006aca6d94b4314,130.0
0x1cf16bfb364bd4b11f9f6a0706fe4c2b3aa0439a,80.0
0x2182e148c7fbbeed9807a458deded770f79d0403,80.0
0xc2e7aa279f277c0fe1e3f4714f08ff74dc535011,80.0
0xbd4d2a9273c97ef7727c2eafafc46851d7f832a2,75.74313569
0xc0aeff1c2bd3482d19b8c4c3456c7ef7a94b94d7,75.5
0x2cb52c0850e3a2fc716d77f7c266cd2f48e3e5f2,70.80000000000001
0x0e1bdc510f5db681a5ea651988415aadb4cde6f8,69.3
0x7d3a15ae8cb687862920f2bd0cfe2b39b8044081,69.2
0x8afc7fdba2f0ec3023044bee2888d1340c05390c,63.2
0xa15913ea3d1e2ca9bb664df9a3811910b2e95386,60.0
0xa09c71abc6ddcfeb38b68eef7d236d0f4b94c11d,54.0
0x9852fed24719be4fc525fc13ebe55ed2b97d69d1,50.0
0x35df75ee381767e5e2a82989bab88fb010464641,50.0
0x2a4ac2c4e6287e4afb0d62f7ffae0040d631bf99,50.0
0x7b10ccbab34cb7510a2298809302154734a9de91,45.07
0x541659cd966fce5d12c1eb81c0bb434f503d6d22,35.0
0x6d82fda6e5d6dedf42042f3ddfa2b78b152b6402,35.0
0x0614ac0dd64b2807aac7a29dde2da2e3e10bc184,34.0
0x7f4bdfd1ffc101b07b7be0fe99ac78c964fd9db7,30.0
0x83ff39f118e1e46cc40706f98a37dabd8a45d0ac,30.0
0x1d938c0286b44e40b864a3bd3b950dbb79e2d620,30.0
0x65872210d88d73f03e8ffcf30a11d33e6d4365d5,29.0
0x37ca7fa6b0032213e2de9e3237210eaf2604cd69,27.013
0x0691c0748c23ac21a4954f2b69d2d3807b678ed0,25.0
0xcf51232d23a9615a01dda307ae6c3b2d0759743b,25.0
0x1201c1afe13cfd18a193a875f928eba68af2b48a,25.0
0x1e32a859d69dde58d03820f8f138c99b688d132f,22.23
0x95576498d5c2971bea1986ee92a3971de0747fc0,22.0
0xf65fa6a64cb4e54c89450b0c4cae62ec245d9ca6,20.26
0x5064362bf123f84fd751b2b5351055ac9e764cf7,20.01
0x853565f45bbda4aec1cd9d40cf43726427906666,20.0
0x33aad00464ff3ee569e034ec0c23c7c545b1e541,20.0
0xc350d1ecc1c71e41612be8c6c690f8af4dda32e6,20.0
0x7c4b132ffb0fa246073fea9aa87589a7786d20d0,20.0
0x00e903a436478d91deb675068de6f0f9ff45217b,20.0
0x70cf8365fbd6a37eae071c2ed6d3924b95c8ff91,20.0
0x86fafe0fca35bc79cd5ef4e883c669e0152253a4,17.0
0xa4f0f69d39d8f1c05fd3819ac8f9d5b6efee94d0,16.034099134
0xa8b3a72b4ec10448199e17a0d8b619392aadeb49,15.0
0x305182f5609648f8b69d0cf9a00ab82aca41f450,15.0
0x9ec3f3535c8159f1ae731ac27ca32c71456d68d5,15.0
0x2c4f9f3aa0397ce7ee4a74128aa1d48c17d623c9,15.0
0xaf3c6abcd39f7f5f54164c7f1e01bf25a609851b,15.0
0x52aafa971e3fb0ce60f00cb2a557eae714b205ad,14.9
0x2ee6d2a57e58bea58f0150f0608cbbe524534aab,14.0
0x8e57cb2d9baff2b05e090820f381a57c567a8bbf,14.0
0x1fc0a123fdf60722efe15f9141b50a1c6cd9b956,13.5
0x5a6c6fdbcb49eb44a2154c031ca76fd1a9658653,13.0
0x0911c50891c20bb280825d04b1c29c5857eba2d0,13.0
0x85d23ef51f1dfa69f93095280fe4e81590011084,12.685056715
0x6e75a7f41832cb6932a98cd0367753cdf80c3ec0,12.675
0x1051b93834d9e51ba4281417704ab94dec276486,12.3
0x33a6ab71479665053ac3f5ed85a50a74df5b8fa7,11.8
0x7862e990963405616afd1e08cd369433a87adb3a,11.5
0x43217cb9030a2e22cc7e343dc3f1c956c8b3e084,11.0
0x8bf1bce31e77d0217d1d62c2f6f7622f48db2f70,11.0
0x1854c039450ac0c088bf0c4d59d9d8a1169901d4,11.0
0x373b3ef27157cee48ae51ee0a1ca7eed16ae8547,10.664999999999997
0xaed3d37b761bf61767208da1dbb3a971b9f13fb5,10.64
0xc4a69c40c37a26cc54dc3fcd22eaa24e5a84dd52,10.1
0x9f31c133c32daa5408c1d7324c4a125817360450,10.000433668
0x5081b2fe63a829308cb7e3ad5f79d6bd3a1024db,10.0
0x9aa0ba86811340073ad58c5cc1a51e7931ceaa23,10.0
0x002f331dd9949283c6f9f9b1833dfcdcba874740,10.0
0xa82278da4f4856e5661dca8be2415e456021596d,10.0
0x21ea42128cc2c661e8a30b67d031404737cb3fe9,10.0
0x00c6710646f8f54b0f042bc338526c1fb2b54b3c,10.0
0xbb843402b2ab2aa61323747ec3f87816d21cdb89,10.0
0xec82a0a5eba3c27f9ebf18dc3108da8f54663919,10.0
0xfb0d9c995a30ff46d204b5d15ba71c7e6392ad33,10.0
0xa45de1f51a7ebe35cb4aac9f2c7a8ee5c6b0f49a,10.0
0x4d74f5dee0b51b22bdd9dc4bde4422156d29db2f,10.0
0xbfd1bdfc826727e65b08be3ea03c4c7bbb81c692,10.0
0xc13a26ef9d763a5a6214bddc67df3009e1eb6ea9,10.0
0x604c49ad382f1b96ec52bf8a838e8ee460a7c364,10.0
0x2561a6f4f32908f2bef562987da896701ec943ae,10.0
0x64db7d95ab1a35709913a9dabe1662b62d6a8eec,10.0
0x461e06ea3978712ac81028c17c8ca67cc537c3f1,10.0
0x0f7c1b4485574b47e7dadff2835a26aed5082af1,10.0
0x75f985f19eb6627690dbccfdca977c8493932e7c,10.0
0xdf6df43709c264ef5a7a1bc4d6c962472359a8e8,10.0
0xc0cec7f03dee0b346279ba49fa9cdc3cc8b5980b,10.0
0xf3fe51fde34413c73318b9c85437fe7e820f561a,10.0
0xfaa14b04de860caf57a7661b48d272bea2ca0a11,10.0
0xc0d858f8ac35b34dce509379fbe3588b4cc471da,9.996
0x4809e20bb37f1c3b26533e95b98625c766da5146,9.9643
0x518a00ffcd5d7029d811cbea97165534fde986f0,9.412
0x0232422f459bb38094d04c084954ed5262dafa22,9.0
0xcadab2be3c6edcd198d5670b43fae8ed97132650,9.0
0x2e9a4e673062a8791c8c711628623c3b55775d11,9.0
0x396f5443a27863d7d15cfe8baa17f7530246ceda,9.0
0xd7a0a2bf50504be4d836a6d1b496459ee1e33794,9.0
0x03c74946e99c9806492d5b2b7f7dbb09f4484483,8.91976
0x5a2a57dbe02046882597a6aef3cd5b6411ad61ee,8.14917402
0x6dd4e0d75069b6f7721b677c926bdd73cfe3f375,8.08
0xf079bc70fc1b1f2d4282307a1901444823b41fb3,8.0
0xa16864c8eac411f3ead5f02590cf50f777103c24,8.0
0x1c9e16ed9504fe88b09ee1b94e73a108275e1980,8.0
0xb656bcaa2a7d1251d764d4021070b3fe882c57c3,8.0
0x085bdcc6b1273f6a0931b60dce8883531b430f22,8.0
0xb6a4d845842484b173f2a5e977c8d947ce0695db,7.9
0x24cba1e52c6dd046e8f73842dc99200e8f180bdb,7.65
0x4e0e167e6ea55997df35794fc8266b2f92dae586,7.531472609
0x49ac01996d15283e6eff0becd583ec2f3466a281,7.02
0x00b573867da81745ae7184154547eb1e0ee1c289,7.0
0x2c9a79e3eb445349d802a574c19beec016e84949,7.0
0xe6bd8476b79e3660a5ecf04b570137c2ade62d24,7.0
0x4682ffdfa1250a76726f0aef31aac8d5c078a20a,7.0
0x65d2b3d746f7f740eb61cc1f880466479cb461bc,7.0
0xb5696bd1a20e147aeccad62a8c950e1be3505335,7.0
0x272d130ea73fd93a28677ff1d5913c37daba031c,7.0
0xc400c06bb889c4aed8596b637a0d244199f575c9,6.848932432633012
0x1baac0ffc9be91e6e0a12f2734c88bfba3f61410,6.8
0x6b7776c6228c9df46ee7b7343bf48a4292cf0015,6.70470649
0x4aa7269e78942f8b159db827fdac811587abcf51,6.5
0x6ed8cd17ee5453e17eb731a6b2004af53ea1f26a,6.45
0x9be4c9a759aba5f18b89092356848f0739aa9ca4,6.37
0x215dc793a8c6951e138b9379247ca70c8ef827b8,6.32
0xdc1d9342caf06560520192ddb8e0b20e6c16c746,6.241378562
0x73b04dd826ff7ee831cdfd7ddb0cdc3b5cdfc46a,6.2
0x43af1999731a2363f270415b9db140da59beba2b,6.0
0xb51365d017261a778cf5d3cfe19b06670812addd,6.0
0x1eccd61c9fa53a8d2e823a26cd72a7efd7d0e92e,6.0
0xe207214e3bc14154f22a59144ccdff6099ca6567,6.0
0xd84d3351f1523bef8f41261d4fcb1dc743a11a5a,6.0
0x6585bcab544ce1d2612ee7d232b75f196fa7c717,6.0
0xce1c28560f17c2aa0b0a539019bbb4492f117e40,6.0
0x0af470e1f0a5f45174e5ac353fd22df031440461,6.0
0x96260b8c222a282277aec237932f64bc9a13dc9e,6.0
0x802cadb5220a9132bfda62ae540fec8321844096,6.0
0x64478e32a9ef762fcc7ef29c61b25edd63125050,6.0
0x49b232544a54db58791f7b5deb0805da07faff6d,5.5
0x309f8167549c9d7a439732758403fad05466dd58,5.494350055
0xf87483736fd9b8592f72d233d432bf415b34fe13,5.411385
0x56e86ae2cf896a16d45908b1223c7ed86985a2b2,5.069686070883236
0x43c3bdb809565629dd2ee905d665d26949f045cd,5.05
0xd834ea7b184aa866505f64d393a0c36deb20825d,5.004
0x00cf40a52a75b7d3b1471c6ce845876290cf2306,5.0
0xc6a73e3e867bc7f6d4b4a0b2485070403d02d855,5.0
0x4f8424cfba1724a891bfd8d770dc0b62c61ac1d8,5.0
0xca01465d0fd6c6d4b03a8801e0b9ddb98e8f696c,5.0
0x0fbc160e5c8e2eac0d9dea918d4dc5b3b51064fd,5.0
0xfb7bfafb9b1b88cb52bc23cd17cee4cf012db405,5.0
0xa91c173412015bb9742f8c84196558765231cbe8,5.0
0x7442140738c52c60d20557b98457c8c2c72b2136,5.0
0x73cecec09303671cdfeeb1fc3e74d6791700b2c4,5.0
0xa95842e41380100c12caf7b872baa77ce6d8ad24,5.0
0xe19a3ce9085369d70e044e18575daec7fac2ae1f,5.0
0xb0702d1ccd34f82fa5e65196c649e0ef436ff813,5.0
0x69c2748a04d34b508c800f0faf58351995f88c9b,5.0
0x94fce39ea218d3aebf509cbb2e51047ce44622c3,5.0
0x842bd56d857336613e7b4b1e4a4e7aac3ea9ebae,5.0
0xb3ef3b1ae75cf3a3aba263946e311f65703c67fa,5.0
0xeb85f67f85442ebd3eb080718895b5463df19fd6,5.0
0xa5627e3a29e278c4c57fad7c9520def95dc36db2,5.0
0xe9ebee76a902b6536c0bddf79ac4c4343e5bdbfb,5.0
0x0acab573937a2fb7de456e012e77aec0420f92de,5.0
0x3f509d5308d55602a4d7630a4837feee0c70c411,5.0
0x3c154d6a5f53e66085ce1d7c26f23aeb6d6b18ac,5.0
0x1457c28a5e34b1734654edf098528695d5cd82ce,5.0
0x0940c03bb6a71dbccd8f364725d40bf8806f7bd6,5.0
0xa34ca4be61174b414854125f89d4703fec2fefd5,5.0
0x6aaa745e128f89b4a1408a7e802a635489d59be2,5.0
0x2161722c8f88345032e94fbabf5c4464067916ce,5.0
0x18cd5d0518a2ce034b3bc4b4011ecde38b423d72,5.0
0x26ad38204847c2b4f870b0a4a1a7cb63c8aef312,5.0
0x5f1b5e4bfd7b238dd1f839d7a2dfe36eb14e98c5,4.99
0xb1729d43062aa2bb1cd205e81a1cecb61642af2b,4.5715
0x946900928983a131cde3dfb7b12f9c04b42e3bd5,4.5
0x860bc2c4fc7b7a2caa0ab63b40bf26d33d68f8ad,4.25
0x5f2556dd1c71fe5551ceaa248c1aa1b75ec7cec1,4.02788259
0xcc56d5b3e8b7b0b5e7288af5daeb67c77315c62d,4.0
0x9ef87115eecb99cdb84f9541e33fc0b4afaf1926,4.0
0x765fdcbaa945c2f73dae083770dd0aedfa386d5a,4.0
0x55c82751b2b15854db61e37cde6db269e51ab6f1,4.0
0x52f196fb3c0893297726e32860265504631976e7,4.0
0x5a55981f98d823fef9e7cc2f56f8f771e6d9332f,4.0
0x7d838ac4cf9c933531127bcde7e0900a2c64543a,4.0
0xbb2f4f3a7982eff031c561e7d10b9ff0ce4953bb,4.0
0xdc9eaba7601b93f761c07541e38d352565c64c9d,4.0
0xe328108128c816eda48599b373327ed8fd4b32e0,4.0
0xb2edf87618e16e24657253de70b5e896dc2a723b,4.0
0xc2101583f05fed8205a43c42ad58c19900852696,3.995989376
0xc8376be96074905c666caacd4c4529b6324642b8,3.9958
0x6f3d191ec85ae9b007c20fdac439a9011f231ddc,3.9808
0x2bd7f4ccb251a9082b8c6067544dc8cb0841d5da,3.97291938
0x604c7e57e493b7d491eed25bf05a43f7f33c4703,3.95
0x6a6f6de776f2f5838a738a3f4bfb5391dab430c0,3.937324673
0xc50b936738ce8a6569bfde9c7229b9954d71a215,3.85
0x814736bba40906f3d21919cd42fccc4720604db2,3.821
0xd55f5f83cd4ce972ab6284f383c8e75b12e7712b,3.7
0x20eee10155b71e7ef9302a062beaf8fc078e7648,3.615
0x5942e7d615b432c2d7719d22873536f7750b8081,3.5
0x00dfdd9032e4569bb5c6093f741a0dad326793ee,3.5
0x183849f190ba28a394c05a3e21ab3b0ad31e30f0,3.5
0x7b9fd95afe13ee2dc967588c975102ac90ff034b,3.5
0xeceaa86faf63aa1a7314988de6c42a0dd12c8e70,3.5
0xa2db2db479e228e3c60e8e0c7b21ff8c243f4e4e,3.5
0xc4905195f977e8d2decd05c1e2eeb0cc3cabe93e,3.5
0x4bb1a2c6435155bcdaac0669db75ab6559bbe53a,3.419
0x04d3b3ed7870052a4a958f46bee4a994f51c2c44,3.4149999999999996
0x48d7883609fdbb3e218270a7f092f788ea58c9ea,3.2
0xfa32d8cfabe3d69dd2cd4ed0efbc7d8576a01f62,3.141582427
0x110c5d28c6b8fed11d414ba32305324e7ff3e727,3.116
0xaa8f3a776415c12f506599d74fcfdc7720eafe36,3.04467576
0x6b5b15d47ea518ca8daddf31f54662bb187de601,3.0353885263
0xb7f4646c40d6084d22ab33e734a3b2819dad0fab,3.02
0xd94aa61a34445a49c7f7afa85d9fce1552a99bb0,3.017013
0xf4d52a1bbf81424bd2a3c2079b5c1c4dd08f9ab8,3.01268023
0x9ad91ac5946daa564ff8d9a5638908c8e2705c1d,3.005
0x75214401203917d1f1a8c3dc8f0af05bb6663bf1,3.0
0x01d2b3272d53c81b01cfa8217d8f37f8ac6a6d0c,3.0
0xd7324488f8e98324fa3d1bffc2a242c92a789d07,3.0
0xb6d892c4edf04e883302d98abf430c2881e8cbae,3.0
0xb69733bb6c17e3e4e3ea64b077ccef28355a12f9,3.0
0x3dc768eb0a77c54215f37206401df32d9028d974,3.0
0xa85a1832851b70ddbfb986f801c6753e587aeb7c,3.0
0x00d2b4411123ccac9764a6fba6f9ec2ea6100821,3.0
0x00e3255b408fcf20aee7464d177c9d48fae1196a,3.0
0x007528116a3eadfcf019014bed3d0a7b9b1744c4,3.0
0xa16ad700f8117c27625e25fa90498883e2666863,3.0
0xb51049c0d79fcbf821ab43c5fdcb0eaacd98232c,3.0
0x78a8b9c39bbfcc98ddf1b70e9f463f1e679f840e,3.0
0x87120cc17cbefd2835a32abad171aab677a44400,3.0
0xee138f7a3673092bfc92d7e30853349345470ed8,3.0
0x7c50033faef976e070503fbc2afde3477cc664cc,3.0
0x26a30e82f6e40e383649325fe54e903c59a013c0,3.0
0x939a1a5a86f02b40c14995feef4c8718dc7ece74,3.0
0x285cbde4a7ba2383e965ae4c0ec476be9034a8d3,3.0
0x202a254c1ce6bf41229619f823dbc063bd7f149e,3.0
0xf536e7e06cdc6a94464a9da65181e062b9253575,3.0
0xef055ef99eae598d62d88c3383d3d8b61d75a6dc,3.0
0x977f5b0964fd91c42fbb4430cce1cee11e619306,3.0
0x59468040397e6f0492bda4b0949aa4e2685e5dc2,3.0
0x5a2214dc94f4f35108481e0126712f5dfd592bd6,3.0
0x2d95b5abe689fc771439d7e066fe2741bd7b48de,3.0
0x2bc118525a1f1d6943e104f67cc6988b7ce33490,3.0
0xbe558d81375d13bc94af0903a6c10e02a106870e,3.0
0x86850f5f7d035dd96b07a75c484d520cff13eb58,3.0
0x5aa4a44a981af10cac8c27128401ba2c8376362a,3.0
0x0e8393cbca687fe13ca8b70d50d6bc6e442a00d6,2.9909999999999997
0x4ecc9a052b2e8a8015a2967c65b50d4ce9425b30,2.99
0x87d05286115c7591f47c025a36cff9435245a950,2.99
0x2cf67783b012cfb99329d5e35b5f9104ea68c7a5,2.983
0x7fd9af1e7a67a497a4289722f63610e2f3fb748b,2.976579
0xdee92f67f36495f6fabed8704f4a908544fcf43e,2.97
0x984fd8c0787c0941fc5778cf3f630ca199ea4857,2.96
0x1874a6a1617132d36ed32c3c61d0f7f8744b0e9b,2.95
0xc1bfa7ee03ed66932fc778b4a84ffb806e66adf0,2.9
0x00dcbca1c2c419784d77f0335c627c16c9d36319,2.877132295
0x5aafdcb1da7df9464d560b05638547ba3033cda4,2.82
0x415d8107100c8fed2936c08eb7b20ebe73e6a64c,2.8116
0x968272c187ce50df589f2dee04c4e36665aff1b1,2.7960000000000003
0x3f5f9358177b7a6d7a94ff67e6b498232500785b,2.7
0x04a3c15e3e72e69de59d7c50e3401ffd9c4adba3,2.5
0xe89c9cd6f72bfde7bd34b733d1f9d25504a7530d,2.5
0x009a12d4290630bc01fd82516ac57c1dc6a9bcfb,2.5
0xa558507bc1045fff8447765bb986ceb418dee193,2.5
0x1612e92c9ffd5c421979d00a4c89dd6b6f10df72,2.5
0xf0629df26b00d912d24ebaa938c0f7a972b1f9f7,2.5
0x69699945db27e4013994e0b2d80065e96e36f443,2.5
0x3e4af2a049421eb5ff5aa8a648dae3cb827caea2,2.5
0x811f20d76acd202ce69907adfcc7d57500ebbb75,2.488
0x867214a8b160ada1962316aa98f59e873e353046,2.45
0xb9f9d3e7a5f81cb20d7afa6a22e56365fc5c4b65,2.31
0x1f7ceeddb6d93a35d717f47ec6e277d1b4af9ffb,2.3
0xaf6d631e1e171743ebe1a953be8e2eff3b84a92f,2.3
0xeb0efb2a0cbf2d46ae2fcbfa9530c6fa9d9e0bf5,2.299571838
0x7ed1e469fcb3ee19c0366d829e291451be638e59,2.28498
0x34fb7c454750e72d0a127a5421b0cab5297c5baa,2.234
0x021c8454bfdb43558351e1cfc9815857c5d167cb,2.224961199
0xc40bd06b22a74dfaa8ccb2a310a247256f62bd27,2.2
0x582f7c7ba31427449c3df1b5f748502b74e85b81,2.162
0x0e135b99e6012c1a0e1bc1c8cab7921499f84ba9,2.11
0x9ff00d246cc0401e63200d37e04150214b2ef6eb,2.1
0x3a3e475f856395db3f180230f480b747d99b738e,2.079327798
0x439c2528d3cb054ff6e8b2f5bfd28abdeab54497,2.0105
0x7439205551e10a44b35421667cef17203631587c,2.01
0x23f96cc3c0075a0d3fa5003fe5e1b9927beab354,2.0
0x5fc54bb9e2a4aaeb0fbdde8b92749b121091168b,2.0
0xf9c7afb9a441a6a0125c6c9cb61bdea8269da727,2.0
0x1bf4270d4a0d92eef3ea2683eef94e86676cc9f7,2.0
0x8761e0dd63d14cf566acf4b730f3540f164b6b56,2.0
0x74119e85a22e7aacb435c674675f5896237be159,2.0
0xebd8f27a20fdcb64aa03455ddecaf07ae8abf390,2.0
0x62d1cef025d6d7c59655d90b3a7b3ece5719597e,2.0
0xe7f9bfbfcfb952caea439786a16e3451932fcd2c,2.0
0xe560c0966769f041adf63acd0bd57af6148d73d7,2.0
0x11e742d8cc0b73455ca882a6e6a742a6f954dc2a,2.0
0x4d350358367088807fbb9155b775a68bd327670b,2.0
0x0445f23552f0e73c0faf2a6de2f2649bc40bc3aa,2.0
0x269ee680133db82f018407ed086fd616d9d0d951,2.0
0x3afcf2ce019bbbf3049e609b2cee32fe234a1c28,2.0
0xa052a029ce903650e69ae3fe4c9fb2a96c0fdaff,2.0
0x0a47b58faefe52dcbd25eb45b5d8260a4063195a,2.0
0xfe24bf5af3e401227ba60b7e21c946276c8853b3,2.0
0x01f5be9fcc63bb4ede40e89db317d507c5adf81b,2.0
0xb3a82b6e21abf58b057077ff00130f292973a041,2.0
0x50d2746a41cb13798ce5d87b93d56e8a0c5982ec,2.0
0x97640f1e5939a1d595df2359c53a60e93d70fdde,2.0
0xf50cf757a9af1a37e8d6366d30c00c560d14746e,2.0
0x6562d5e033d1225ae6114af6b6c6555122bfcff0,2.0
0x061b5795997a08889cebe83044869d0f15b437ce,2.0
0x37adb40611d3bc5faceb8a25ff4e519eb7ff45df,2.0
0x659295be0e039b35c73ceb9dbd9bcd7524c09cf4,2.0
0x9b2bb546d9bc9f25bec2db69a6f87d191064302f,2.0
0x036cc6532a49a7dce159f3b1aa8ab5262375a6d7,2.0
0x84e218de792c43b4349e2587fef0a341aeb1949e,2.0
0xdd163afbf5b9f0a971ae18c39d6d31390fb1d495,2.0
0x2198eefc694f5d50634a950e10074a11442f41a8,2.0
0x7b049895bdeaf691a0246d15c9b3cb76782cb150,2.0
0xae70f046461b369fd2029838d89c87fd7b3068f9,2.0
0x48f5733e07ab7f74c986374c7d7b093281019d67,2.0
0xeb3334dd811d70c5e472a8e637b7b5a203eba589,2.0
0x7c8241ac7fb580f9f96b202782dd83f2706f5e56,2.0
0xaa32488ad27fcd70c6eef605ce07e567bd9d8fc8,2.0
0x068f388443a594c91fc5e4e4bef017754525a521,2.0
0x2a3959f40e246e0d2cabe5f1635f543e121bd1df,2.0
0xbc3619a14aad956e4d65e9fc72fb09ff53700a62,2.0
0x00b591bc2b682a0b30dd72bac9406bfa13e5d3cd,2.0
0x20910695037bebeb4ba0b77cb9914e91137d7a1c,2.0
0x14f100cdd464d61a6feeb66d6c1d18fdfd91214b,2.0
0xbd7c8dc710ab6f21c59fab4ab66dc8b4d9356d7e,2.0
0x26fa93b4c9145d2bf71e642b2eae75c8a506d751,2.0
0xa23e4ebe06f7d76d177cb74d611fce2dc349e7cb,2.0
0x9df4ea4a54d8b0ab6fad4dcb67d45cb38f85d2ef,2.0
0xbb07499b800c53dcfc9bcfcd02c915b8577b1471,2.0
0xd95c0bb95cbd1f49b14901bbdfd2e4ed7f7d788f,2.0
0x22021bb4404a637cc82cbff53bd30f9c16083095,2.0
0x70978f453c9ac86817bb4ae2fe3fb985f3aa5c0a,2.0
0x6b56938141e95b1a285b4e4d70bd2b30de28deea,2.0
0xa4f5a95d84f8d51eb76b8b395b7badf7f3a0cb65,2.0
0x1218621a781529b753fb8dc8c69122d2c00abedf,2.0
0x2c074e48db34b16324c4c5de81987a0dee6005f8,2.0
0xc233df4078bf948e86dda465d1c196bd251ae1a7,2.0
0xd7846935d7e5a49e20b9887e6465cb765f4c2937,2.0
0x3a719853630f73b7d3527c36d515dd38245468c7,2.0
0x6f2bb19d6b4a68c50331dceb474cead7febd069c,2.0
0x6c3f20786b3f16d6f7794e960660d22479e8e14b,2.0
0x637d5f3107e59bc1bd94cc2e5295a0b686db0ce6,2.0
0x666ef6654b56885af2351c4c375519d7d8cc87a4,2.0
0xf4a2a12a1020eb73a2c03d5fe3561a096a73d25c,2.0
0x7ee4bd5ac36566bf0a31dba32f6a61a4ff24f0ee,1.999928713
0xa9ec6ae3aadc4fb08d18ede32cac2b75d6da7521,1.9998
0x3526b396e21f98d163b143fb9bd7dad0e8b1c027,1.99
0xfd7a48eef72c273061861e3a243c79b9ba5fd536,1.99
0xca0edd78e25ebca0e5e0194d74b2ee8c937b3dec,1.97
0x4c96060d8eadf6a020f2d21c9bd942e98f263304,1.921588140000001
0x72eac7a456606010fbdadb793c83f767f9c94bf8,1.9
0x9211133c294c0202642d408707ff6f6395ad9282,1.9
0x2f2f39a2e8997bc701b2e85fc9bbf8e87854498b,1.889
0xf509b87e3af0ac82bac2168da4214450e50d0de5,1.885084677
0xbe965322540bcf996fd36b36d45a4d6c50199d88,1.8566787649999998
0x8c2fbdada7429f91e073496dee76d5d106b6e1d1,1.8
0xef5b029741d21d1f61d19e6c3f103dd272f4482f,1.8
0x6fb7c1a453d92d8f0d03ace93fcc36d8be9c7fba,1.7825037
0xf75cf1589c6dd628cd4c3fcc581e06271e3d5976,1.75
0x936cb97edc817877db1b7af0dda01d142709518d,1.75
0x651d04047081fe9cfcc6d9d50b6ebe11befdcc15,1.75
0x99ec6aa0592eb3458dad43553af8bbd4d05d5e3a,1.7
0x3ad202150c31e2bf516b232efe7b1d067e4d252e,1.67
0x971e42b1cfb2795e04af0bf5b67b64fec75042b9,1.6364478
0x2eec49f625308aae20edbb5581fd484ba8081a5c,1.625
0xf116e202ea81eac51781747f20f9d8fe3ebbeca1,1.589572055
0x01c344f461be873c942da998f081a58c53dcc2cc,1.55
0x88635b84349bed796ca29dfaf2dab18ecba455ac,1.543
0x0947f01a91f4b3a37b72e14d9ccaeffdc9a7efd1,1.530046967
0xfb79231347d46daa88b3e6324f149fbd1227f0f5,1.519843243
0xd6f7c94c8e82c7e2e1234c636d509d9065b1c36f,1.5
0x0bb75bef057da63a0ae4b25fe9adafd35cd92b87,1.5
0xffa86adc2e79d1a44bf9c824307021463f36e546,1.5
0x539f695b17ec9ee49af0ab66ea4f66323c75b7ca,1.5
0xaf47a41dbed5099c6c6642fcffb661d233be7304,1.5
0xc6ad7ed35c7a41a71189fbdb7d44cc0525f4c992,1.5
0x85d6a80d5756da2f69f089150a5b8c1e35bfdeb6,1.5
0xb074ca6d4490aaeb46f908df18a44eeacd7aea2d,1.5
0xfba43882c5a98417191685187eb1179765e6722b,1.5
0xda9ec7fc948c531b00e9c7fc2570a98ef8afe022,1.5
0xa1d7896590f48c3d75c479da160fb652830778d3,1.499
0x592c6dc01e055c73c938fdd3063356f1044dbb14,1.495359
0x8a89f7b89eaefbd50a89e389d8e1b158910a999e,1.488502973
0x9b27cf52e11ba889c6d9988ae6e271624d66879b,1.472918
0x19e9b06af6e01c5d04ff8431645c6fd8bad4d68b,1.4
0x628bf44481967289f03e441ea72cb39632aba7f4,1.4
0x53f64794758406c6e8355d22ee4d32926e75dcc6,1.4
0x573a8f3635918651c1e30ed9bc14fdd72427c0bf,1.4
0x55de135e6cb743a35c033c002b37189e714690d4,1.4
0x6f34f686bdb36f2b43b6cab4ea4eaf6fda02894c,1.4
0x9fd730ddeaad1063b025f6032847fc14eea3d68d,1.3741176
0xa0ac4e12f87714c26c338049bea689873e410294,1.36
0xa0174e7f0ecff9d9a437518f07fc4719289db68b,1.322
0xb21f94169043c2c0303e6145b8fc574096b4540a,1.32
0x4fcc267256c2584b103e318b600eeea53d87dc9e,1.31950205
0xf68ceb8b6fbcb4375a8bc66d25a9c8dacbd07354,1.3
0x36414d9a73807d7a35bd25bdb32f0c72fa3ffc89,1.3
0x31e7844d1107ca2c0423c600fad317006379030e,1.29
0xf0d4ff82e7f3a94ec22e0f92c5f72db438ff4a79,1.25
0xc1eaea99174e25166c3e812a3cf1de823342f473,1.25
0xbed4b7339fb3b0d7974d38cdfe3db6d1e8a54614,1.25
0x9853cd69db5f709ec57e5736d154b6bc09b3ec1b,1.25
0x917b4b0e86fc7766695095dd1a5292b3be8b2d14,1.25
0xe9bbae96966f20cdda74f0eeb1b61e6c9ea4aa9d,1.2217723
0x73118811c8ff143207cbb37cc391a64170ce7065,1.207
0xf9055bc23978ea7ed679397bf1738572c5f44a42,1.2053570550000001
0x2332c449d4f445c2eebb8d53c0646fb8478186dd,1.197368028
0x6646293b3a2be7e897e44fa63500a774a7dba290,1.19
0x12a9e548af685735d724deb774f447fbacd5756d,1.13786627
0x8f9629c29876e78efd2b965eaa4887dc7ae257f8,1.13709714
0xbe96cd3101dfca153c3e0d0c6f6af46afa605450,1.13
0x3b5aecb262e6ef6f8144843cf9bf2efeb47f2657,1.1
0xd909d72bb17262b9678953af1da0ace5228715dd,1.1
0x6f185387bb7c784f73ff9ad1349d10d4ba770a0b,1.1
0x5e14c78ca19a276dca1dbe74ca06d97b7a53eb53,1.1
0x5dac166a7026b94c7ad9f4058c7932f084c8377d,1.1
0x2fad084de42a4a236eb23ad313d3998c657a0446,1.1
0x8cd3bec93d81f900f4faef7f40259d392b616a7e,1.1
0x1a7ffad9c186a581b06ffae5f5c1fbfbf190c794,1.1
0x93a9cb707f7b963819abf312d5f65f4ef094bc0f,1.0958
0x8d1b64a47e961eefd08402ee15a4696a9d47e8cf,1.084
0x284b06cc61204c866da76937167dcd5a8ba202ef,1.0817498200000124
0x01fb009d5b0648a7e4777f28552ecbc40709b41a,1.071
0x32f28d947d83eaf48c82a6e7057f62560b74cc43,1.056866891
0xe4dc0a0462da5b3a060be95e5e6d8ea082733a85,1.05
0x7742eb853507820976f5acb3a4d275c50beef25d,1.019818845
0x1e5a625e2f16f4f9c5a4953e1ac1bbd795f43a76,1.01
0x02923581923ae7ec270a15c963a5c59d24ffb978,1.01
0x8a01012d7db8393e866ebdb6f4059db33a4348fb,1.01
0x4cb440b36a5f07f83213b1123a5f31cdadcbc78a,1.009168455
0x09e2124417e547d1054c7a6523fe1bf01ceb8ebf,1.009144166
0xdb6fa35d4f2700001fd1c5d7fbd96e1400647530,1.006
0x3818aed8e66ba3bb527d2f3738ec789e9017917b,1.005
0x72f32be6334681f0cd59b2646c7ed08df0571811,1.001
0x5968ac2ec0477df7e0a33ee04d5247c8d30791c4,1.0
0x917256a780017ca9d82fd15fb59b9b80df8a9604,1.0
0xcdff2f9c85b9508350149caf17bae0c3f6ed0a4b,1.0
0x31f03e7c0139ba7fc4ab5d3b7adbb750f7b861aa,1.0
0xa4fe5406114fb90441589fb08e117ca729caa3dc,1.0
0xa7dd75be04b885e3cfa4da2e656da8637bbf5136,1.0
0x74cfcde9520a28579e8b0cb38fa04e66c28d16bd,1.0
0xd2790a34468d1b04bd073d2c8592acaf84a991fd,1.0
0xeca37a0bac71e3dea67df3e582a60e488b9ad5ac,1.0
0x8f8a36b539e5cbadbdc24e1de3955e47af66a092,1.0
0x109b91033eddfec5797a27114319d95c4c95c0d9,1.0
0x75e7f640bf6968b6f32c47a3cd82c3c2c9dcae68,1.0
0x998aedac3daa201838297f5bb6ce1a22ca478b65,1.0
0x7764b2f7fcb614ed9e27300700a41fc60cbb87f4,1.0
0x00dbb709d31ad3d13ad47bf1834ee9bf2a11e101,1.0
0x361924959c542aeca5a88c4caad246ac89b73a7a,1.0
0x952f16ed90db432a64ebf34e15a87e1af7610d34,1.0
0x939599a268477ba27ec13878ba3f47107e606c43,1.0
0x98afc5d79ab11fc822eaf44c4173331482e23c77,1.0
0x52684f5d44aeb039beea54a13e7d6f024ac8d438,1.0
0xc98df3db909abce7dd287c6ccf7b6d97e867de6a,1.0
0x09342d9d8c3214cf65765c578e7c8588deb8636a,1.0
0x43208c384233cdc41247e140262559928905f45e,1.0
0x755e40c86561abf94287750385d9f2b3e9ceba4a,1.0
0xc8d1aa7baae91d9c817cbc90894192f4e86a6064,1.0
0x2016a047fbbe42cd999ed8564ef25e30f7aa766d,1.0
0x13717da638aeae7afcb86158e4ed9c5d13fbb5bf,1.0
0x9af4b4084e585d7c124ab2daddd34ec6340400d5,1.0
0x3c2c5a3c6c178d794fb14cb6696dfd996b96a0ff,1.0
0x1205decc6106eeb4b389e761017410001e66d93b,1.0
0xf4f001cd6e39613192f8a693bfe251e45df18122,1.0
0x5806d4a5e08a84186a39fc34f155d914e836cb29,1.0
0xa2a709cb6c3e4dbaa543d5836abc0003124c9d07,1.0
0x941c549eaa1d76c695785ada3a88c886dfc0cfc1,1.0
0x9b0c6da6712ea0e600a5b3c0d31c4915cf270a70,1.0
0x18bf47d5c8f2af5a33a4864db4e2ac59e212ac4e,1.0
0x1843906d36cc93f52b651f0ae78d3b5ac1c7c5b2,1.0
0xcf3a658c54227a7156ab2a25990056cae547f1c0,1.0
0xbce1b0420e44245e5924f6d62c8c797003ec3622,1.0
0xfc7803f808f1d2327dd20e599a6fa21ffc74d0ef,1.0
0xc977976f261ba0975f4cafa00b60458a5f9c5e00,1.0
0x00fda469025cc85044986f829c93320b18180eb8,1.0
0xb4f5540ca28e7d62ee92a11e86c60047a9fd7437,1.0
0x787e1433e96a9d291a7bc9aa76d29c5965a2b385,1.0
0xbd5de0f12a1ea8ccbba60d855b34790477de1571,1.0
0xf99687124f7efa538ca11bf1a7cae9ed4a13804f,1.0
0x40f57feb5f2b86670b91f460178e7d26e12f5a21,1.0
0x525bc4410d4cc9a36392e070a441fafeec4a88ed,1.0
0xdf462ee6a9d9ea9d7eeac1ce1514f5cd2ad9b1ed,1.0
0x111c6562d9aa95c13266f0918e2dc31451cb5ba7,1.0
0x38126e89161af7052a0855401e2154fc99173381,1.0
0x870372d03bdd6e3ae32946e8203fa4416e1623fc,1.0
0xc5ce26469794d196f16f4b83422bdae40f610dd8,1.0
0x37d08ca508ffe7e97fd125c34955824e2c21b85a,1.0
0x921aae345e965c927c96bf2a6a8b0442d0bb5ac7,1.0
0xc699f9dd0b71d5807279ef0aa2edfc57ca14a7a0,1.0
0x9fe6434fc55187fe862d28bb5575e889a918f726,1.0
0x97bf04d534eb12094af2faf338750f9525181442,1.0
0x777d17b62941b6ed2e86c4bafe5ee7b24c6bdfcd,1.0
0x7a049cdf3b792dbe60dbbf578832e74e1607a3f2,1.0
0x2eadb50713e58854acf0384bbc6df04f8e122be3,1.0
0x2b57f88e02299f315ddcc830fc3a7043aabf4041,1.0
0x8c074a65e173900dacc0652d880ec34ec207cff5,1.0
0x2fd689f803c861aad46ad757360e07a69b2b67b7,1.0
0xfb45ef693b04e4325f22f478fb329d35405c0f18,1.0
0xd6196e56de4402d2ea2f0ae3abc60a6eccea7123,1.0
0x860291fc319f6f7f60a001ed4586ced3bc91495d,1.0
0x8c858ecca6867a2800a4c344cec42e3e4b3980cc,1.0
0x14a64a92def531f7b63dcd51a51e27f43009fe31,1.0
0x64caf5fef891f84ef34b4b7d80bd6a18f61256ce,1.0
0x8f16a070dc30c23068415dbf466ee69568cf974c,1.0
0x9725c87257cfe7f257e3a12a6a369d90124c8a80,1.0
0x85603af2bd1363957c8367cb99dacd4bdb27c520,1.0
0xaf570a135144d85ca15ec838efa8c18d6225000b,1.0
0xa1619bda3f5160d19df5f9358f76a3e9bc893ed6,1.0
0xce7a08901c51bf74876e48ee6e0c001c5a535c0e,1.0
0x2bbdc682a7f679f6d7c7a7b291fadc3e8e73d9e6,1.0
0xa0efdac5f7d74ebb9157e501b7db416a4bdfc8cd,1.0
0xcaf4d032d2da02e85ce7e53fc385d53ef34faf80,1.0
0xa04ed95fbed01ebda0454518b40941b7328ef98e,1.0
0xd43543ee5ef27e830736c3ef8425e0b648a20789,1.0
0xefff3b3f753d18b123f9deb95a2baeb0954d7427,1.0
0x8829cf2c1f1a23bfd1edb554a1f707f9885c0bb9,1.0
0xdbd51a44a3cf0b5965e5360d551dfa57271d7f1c,1.0
0x31c6e491ad459f2a395f1951967b2f5fda2870f9,1.0
0x185446e891d4563d2879227397c0c980a818506d,1.0
0xdacd3eb7c370b82a49e87825fcf01796d8da7210,1.0
0x8b282d00ecce6cc363535e544317c032d3082b7f,1.0
0x7d983037868aa5aa32e601f7b4a0fa298c1f4c9f,1.0
0x06e08a7e417f7167264921a33ad3cf4e4dd34f09,1.0
0xffb4c3847c14f88e27042800c18d6e3ec2d2c5df,1.0
0x6f6c7b473dd7b8e159564cf596629aa4d226c8f4,1.0
0x02f9cb39c974f61cb355d9f0a8de0ac209f05527,1.0
0x8d36855e5211b6f67edcb5a7581913fc4e962dc9,1.0
0x3d07a391cda23cac2d3a2020a4e57302cb5a82f5,1.0
0x0322547f0c6b9d5a8f91a1d333302a8d9d82d4f2,1.0
0x8de3ddd3a1062190a90d80466744d26f580f59c6,1.0
0x78f0ec8042648e8d9dfceba2d972a08fe610f938,1.0
0x105924d300a048736b4b2f6865fb6576088acec6,1.0
0x0b4d5909707bedc76c5e861c7d49ca3d81e93a84,1.0
0x4c6a25cacd45de39e9c468f25f1777e9761ea70c,1.0
0x3ce31bf337a1d19d1c07a1ae53e102d64fb54181,1.0
0xf4d4529afbe6b7cd678dd96459b95f9e1d8a9216,1.0
0x208541af97a2b7f74396a6997d9fe27168e04ed7,1.0
0x797b33a37340565e3779f6cfec3e0d2e5cf011b9,1.0
0x69860e4d00563e104edbfbb1e43301a7d4fde122,1.0
0xae535aa9fc053cf320acec677d2fa4dfd5c22720,1.0
0x3d5da87add29e77f040c48da6730c9f9bcb6e32b,1.0
0x65a96969ba0e8c902894b5e15d254d8094f2b607,1.0
0x970b13bc519e0c2b26395db370aa92d270f419e7,1.0
0xacedd0a9945ca2c2b56cad648de82708108dfa6f,1.0
0x43d6b28cb59a727ff3276ba300ed9104f8c903ac,1.0
0xe3770c9dd8b9f3f75d24dd68bb9d9dffa23fbc34,1.0
0x55813850f725f4b204be5d1abb781369e2edc998,1.0
0x7b4fc488eda7d83548daacda783327630bb6fc33,1.0
0xfb13845443f258f44fe802992dabf8ee4137ab6e,1.0
0x1bc0de2705d5f823f275695b213bf537b2970db3,1.0
0x2d9016f7c05c598180b411e69e1dc43a25074e32,1.0
0x25a19af42784ff4d248e6a0a8bc88c3391207f0b,1.0
0x9765f815edd1aede1976ca0841688569850f396c,1.0
0x8b1091dbe77aaa5875e232ffe8a68434cca55601,1.0
0xe5b9ab0f2c3d2fa5a9d334d7d3a13006a1a2a75f,1.0
0xc540e7672787c0ea8667ec129709635bd4f4624f,1.0
0xa6a76a6a21f88b6b3604e2cd26af6028b87c76dc,1.0
0xa78e5e6191281e7d92fc3fd37fd58491921a1bef,1.0
0xaa8bbcf4de7cca4dabe1d82681d2343bae9d4123,1.0
0x817371c2c97123893ce367aef6832cf559f588b1,1.0
0x8a13db815d3b3359a6ec7fb1137a04704d8984c6,1.0
0xfac86399c7ea4fc9bef2ba148c7abd43b0f92d16,1.0
0xec0d9b5136da2a49fa9e31cfb66f1ff7f2db63ce,1.0
0x5ef8af63fcf17a708bc0dc25ec0142bfc908027b,1.0
0xaf1363728c3373ab596c5291533057f98921864d,1.0
0xa5d0a0f3c38377914d8f362f4ac51d18b9f4442d,1.0
0xccebe8104a3aa1a440461f5f4f6c38fbdfb30802,1.0
0x87eae8d5133ed6aad8e1eb27899bdc5f20cfe8f3,1.0
0x5ddaeeaac7726779ddde1fcbc76c848f38832cbc,1.0
0x1b975ae2862109324ff3b96c9a44d0dd0f253421,1.0
0x9a8da21348bf33a9eb93e8963dcf09202d5f7e69,1.0
0xc8c8643d78cd13c703547e437cc6da0e14c72273,1.0
0x8ce5c622580373785a37d4c2a06b953ff08c5098,1.0
0xd19ddb8df59a3e2aa98f416f4502c7b413568137,1.0
0xebbb8c66463e9486afff052d28327b533585b7b1,1.0
0xdf5c4ccba8759d7571e150ca0768da31bae3ede8,1.0
0x8c8490bf218017ec7c870ed5a2bf9506d06abe12,1.0
0xc5d1b781275fc8751979ea7caa5a31a1943209d8,1.0
0xca0a4cd9babf632a6c27ddd0c7c19a4d48f4fe27,1.0
0x44f361418ec5f9f37bd6d2526ad0bc4453c659b5,1.0
0x6204dd6687b6999127e6318e3c7a33d2c54c3b34,1.0
0x90bb44ee2e9afebe694874f184eb11a917cbdea6,1.0
0x21e57db51ece2dcb9684c1ee9fcff34b773fa615,1.0
0x5e6049a2c280fabe4264770001ff769750fac2ac,1.0
0x035b91c95258c6fd55404ac1cd55dc8614cfed33,1.0
0x09ac7a0085c3dc597ece0b30c29de106ebad3020,1.0
0x300532b6404d0c171d3ffeb23f75e9393c73be9b,1.0
0x711f96cc0847cce90cee53220149515ac697a615,1.0
0x4e9a9992d79ef2aac04eb3c2d32d4d945a0fe725,1.0
0x61c54ca9489b1484415dd4f80bca8d7fce1a57bc,1.0
0x143cfa0b44a52f057ff166f9659c75aea30333a2,1.0
0x69e573160b4b5931b0abb58ca53e92db953fe40b,1.0
0x805d90d33dcedad0f8efc6510dbb067fe4b36674,1.0
0x2c99c91289767615d8d112ba88f48801d03e7d2c,1.0
0x73df3aa06fb08c28d0c1226c0c4ec65af78c09c0,0.999999
0x7c429b887e369f2b39cdfe4d33e5e25b9593738d,0.999
0xbcb1f8cd9ee6e20fef2ea79d943d785ec6439b97,0.995359
0xe2569ede8ebc84c7c1daec9a71fdee1b562c3354,0.995
0x7ec6354966b915925a88b579bda1baf9e65ebbee,0.994
0xabed001575e9e3256f1c688fd01cbcdac7d89ef8,0.991644556
0xdf5286df08a0c5664feb0fd3f6e45448d1b38084,0.991
0x27ce3885fedd6bad0a1696338b5a3a913dd2e380,0.99
0x9018a0710214237405355b45b716fea96e76bf8d,0.99
0x9233f467bb71f4b0a09020a8d2d5b9bc87276638,0.99
0xe044f7e5de3339ae710b3367a9497a02301ab35d,0.986
0x338a9d98d24eba928c14dd8cfe3fc2afc10adf0b,0.98
0x4737415862bb9718af4e9dca0c97f36b4c5d9de0,0.98
0x7546c542a3e87a70ebb30b5bd472dfc4abdf1374,0.974231133
0x551958943cd4cca84d6f6311a5936b8642e8d8a0,0.967
0x859ec55ea71c7de39d3e04d8b0ec9568fbf7dfbb,0.95
0xe6a16bb0d92efdfa62552aa62f3490426da66b78,0.910502973
0x5852eba36d92255b0221c3c350372c90aca65e08,0.9
0x447f985545015f114179bf65a92035ad477d859a,0.9
0x6f41efcf6388376824d975762a78d4bfe5fc8c3e,0.9
0x585462e1e3c3c5b08266b473bc657363236fef84,0.9
0x1b33551ecc84d7cb2708c0eefa8034ea91a46427,0.9
0x95e2f43da193bd5b38590a75528e220c1a870936,0.9
0x3ed2e1af9bffb18788f1715f363991f3c0fe9cef,0.9
0x02b5c8f05177be2fa1e0f0dd5a0cd9c4fa632da1,0.9
0x878cdc36cc8eb655497323ef4caf231366ca3498,0.9
0xcc94e29de11c8c37b50e5b197430f46f0b940854,0.8999999999999999
0xe35acdeb3e7576becf7f2e1294068deca6ce882c,0.8350225773444249
0x8c2851e73334a54576feeb26f3f876ff9820ab40,0.82633
0xac77e0aad1f0666a69ac0fe3923a8a64bd36c929,0.82
0xcfb0195a1a7fc11bbc65f636dda1d599732d10ba,0.8059348
0x5384add6b0e888ff3e287899839576f4031d5257,0.8
0x8735bb4159c85f2109c6e87482e2245296054656,0.8
0xb1273ecc67fbee64b1b251ee9bb8e32c032e161d,0.8
0x933be952f8c67cdd8a6f6681e832afdb94e05862,0.8
0x9376e6ef21e980abc972dc004fd58ca8ad92b58f,0.785
0x6d204572fcb0c4598d95bfc2a37e3b0ab8118a32,0.75
0x3092360fc3ac7bfb49235731f1adcd79169223eb,0.74263687
0x8fae926ff12e5510825d417940cfae3645faee3a,0.728327907966946
0x497ef32d3ec0386fe31cd90a4dccf6ad7a113d98,0.713511646
0xcbeb67156e66a6406d5b25ef9cd9553e1cf401e3,0.71
0x72e58e8e10104e3747d0b02fc8738aaed398ef51,0.70802746
0x0da541c5151471e5a935731553c186e0c8679934,0.7
0x4e3f919a4992aaf31986015b0395d662759389f9,0.7
0x5eb1ca2d9d250ffad144c7b6f0191fafc97ae1ee,0.7
0xa5c47c2500996a6aa03fa50a9550996d51c05813,0.68
0xccc47340daeb073ed2d3d3000629978c2d5f774a,0.68
0x3290357be503b7aa7efa665e75577358ced8de0b,0.6601
0x55487eafba7ef45bd58304cb33e2f5d55c711d82,0.65
0x924ba16ed6c386a65f363146bfc75390d942cdae,0.65
0x5da413db4fd7b7e93c42f8c35bffaabbfeb8000f,0.65
0x39b39d29e77975e57a33fd044088ee05c18b8a51,0.65
0x920e2e3a61feed1e8c9f1f4bcf164a2754a8f89b,0.6409873090000099
0xc5a6bdfb36f91dd467eb5635a899f322a96465ea,0.6406
0x1395232a4169709dd27458d6ab6bd41be8b980c5,0.633
0x795c3de62a19ec2b29696a1d5c416fd0c38c3923,0.621
0x57fb4ad38506af25f8215ca93db02b9bded444f6,0.6
0xf1c74ebd5be85ae75bf76b2de38c2ad83cc496db,0.6
0xce71e64c48e0914416862084193cc0c48645172b,0.6
0x2fe534c34d548e1ad49d13979c33abfec1790c43,0.6
0x650e37f600c3dcb0557558ab14f98c90784d0f83,0.6
0x16ecb92748a648790d6e4829bb1693c615be5ea8,0.59799851
0x01598da227e524de5c86cef46baedc6494bcdee4,0.593502973
0xf9f444f59b05603fda389e4063dbe6ed88236b0b,0.58
0xbcb32bfaaf7a0a1141f37698060f6f534dc9bb1d,0.577
0x943fba8542d38556331b5f53239123dc845f29f6,0.55
0x30d8ee791b2db816788f026df9e348931d97fe01,0.54229583
0x6ae23d48ee56460a370bd219671db155292940f3,0.54
0x4fef10088e1b3a3648c2bcf4dde6ea2d1797d94d,0.53
0xfedf1f75fae00b52cca70afc5baec0f3ed04f7d4,0.529757601
0x7a0a3f5300af050925e5695f84fc1a3534df99b8,0.522142682
0x2633a5ec117f5eedf3ec8c99b6bae11ad80b054b,0.520152251
0x662ba8aee6244804735e33263af992665cfd708a,0.51729377
0x2220eca18420490114a4f3e886958f4ee4972a60,0.515991718
0x507437dc2d95d0ea9370b9db46e011120249b90f,0.51402197
0xc2442aa63350340d73b6e76df970e908597cddb9,0.51
0x26c182684a05226e758d4fcf29fcdac6063edd80,0.5008
0x5db7688cb9e28d3f766f10e7e659fe2adb1c3d2b,0.5
0xd8d8996855f42eb3c50c1496241c47f712334bb4,0.5
0x91cdb62ec650081f25f740bc7bd7e881c1ef080d,0.5
0xfd5d422e418fb5a729a811e4582f26f7c30be34c,0.5
0x33a574252497e1c8b367d43c06b177358044122a,0.5
0x54303f4b220cc7103fc3e5ef5fc685d33f5ef015,0.5
0x682a96aaf8b05e27c6aa0319dca92ab50ce780e7,0.5
0x3604bd4fc14e8798aa2741c41f6adce6245911a3,0.5
0x3d767a6e68334ffc2506117441d3440b7da27774,0.5
0xc61b80d00167746322ca86b0377dcec683f32657,0.5
0x7752a63bec7b5b87ec6cbe18768c07910948b7db,0.5
0xa8658887de3f325ead6a992bd4f7cb15b1e9fa54,0.5
0xb1009ff5b0149e4e353fb1487a96674f0f3632ca,0.5
0xf795d4c86a1fe2ce73fdbace05b237d1cf131b1c,0.5
0x67ba159990adc4941022ed357e55b9947fd59ef3,0.5
0xb33841ab8e4fc931a294256066286270a77632cb,0.5
0xfbffbefee6982a6903fa035aa632e373b045728d,0.5
0x6dee0d00058948ddb8a0fc2310ccdf48bdbbc511,0.5
0x5333a79cf7213d538ba3ccda2f88632321aa9d55,0.5
0x7b282d9060ac68d97c5b67dd579b13dfee4b8d77,0.5
0x4d99eaaa91efa67b072c5ceee86f155691c782a6,0.5
0xa5a9470bc79debf5ec4cef854cf77112404287b0,0.5
0x369637a05a288620b7b056e1453d5fc574254ed3,0.5
0x4399b34a0e442a7c1d21301951abccbe709db3c4,0.5
0x7377699b4349d13a5ce77cd59ccfac8c47dd0de8,0.5
0xda721eabaefcbae3dfeea098030b21746b3742b7,0.5
0x4929f4d38f2955649b5aa34343da04cf790b9d92,0.5
0x51426ac60dbd2123af087f46e65290d98869be99,0.5
0xe4cec4825503eda4e28f2aff6c1c3f42a03c7497,0.5
0x478fe3d56aa7ec231d99169e7cdfac65f247885a,0.5
0x85289751168cf9af7644773720d92e6d14562548,0.5
0x235307367dbe90afa40dbdec368c8da64965be23,0.5
0xabae0c2c400ef2d68e9f03526df978685b32985b,0.5
0xe2a1510ccb9f663e01f2d49274114bb576b028c9,0.5
0xce91e21ffce78a8701edee4cd4d893cd9106957e,0.5
0x92989eb906d40c6385c9982b08c5953cbf763ab2,0.5
0xabd6693048f96af93d5677ad44e84cf62a41c0e1,0.5
0xc5de97de45cf59eaa97d89c68fac549167b85d28,0.5
0x29e7a7c0b0003dcd5f08a514abfc20e4ae03e3b9,0.5
0xe4a5f08f2db7ec78c156daf2de6aebc9a4dd761a,0.5
0xe4238eb392f10caa19c459042e2133399c76e008,0.5
0xa264182ef9e73f1cc23f939ad221968490782763,0.5
0xbabbe97c24ea07f4b368beacd14f8741acb72e28,0.5
0xf77f9b9996d690bf5e920fe7469f68ebe7e2f471,0.5
0x4708dece42dfb5caf6f56c31692d62213dbd6bb4,0.5
0xb3bf66e38cd47c678cae2d4b4084849b2b82cd4d,0.5
0x007bfe6994536ec9e89505c7de8e9eb748d3cb27,0.5
0xc0a5f27cc2e6008d015e0ea2f94a24098861600d,0.5
0xd42a5179c25a35ca266220cfd4ea52eacac746e6,0.5
0x8ae7ae32f0b4075265306917d22fbb0eb053ca8a,0.5
0x25b8a4224449227d07010114ad159b393fc4b279,0.499073269
0x6c7f6c4b51432f0ab3a69375b85c57bfd8bb351d,0.495359
0xe6f13f5f9c2a098a1b0e02774f73b16f93ed892f,0.495
0x39323a939f745191cc00153fc8d2cec87534cecb,0.493
0xd3d1763b5435d8b510c03a6dd90365361566b871,0.49
0x57c1db5eb96f0185978bb5e0c4b2585fd17b7cf4,0.49
0x276f43ac7d673d0d1fcb16fbc88420e6f601d673,0.49
0x1d837f64ee61ba8b0cab1da53f4cb7dda440362b,0.49
0x6b587c589cda16e3ab954938f6cd9a83fe0015d2,0.48934885
0xde1ad22ef4d5ec0b45279fc4fd479d0aea44d99f,0.4858
0x9d414c29d85c0fb07ba772721cd0a940a3b8f875,0.4809453
0x44d8794d1f2e0eaea76b19e10bcb7c876bbfcb72,0.479559
0xcdaf8b483f061d18e26f1932b2d5ce0903b16998,0.478
0xb5685db4b5a90759921dd19459953caa2eec0297,0.47
0xda9c2ac61b9c665edf7f3b624dce50e2625b3dd5,0.4658
0xe52195e3aa4629ae9a54f50622f1d79680565aab,0.45
0x034577fda040b46beb02915b9bac5f451f12341e,0.45
0xaa51116a9ddc36754fe8114c37ea9b7a80bb53b7,0.45
0xb47b501840970a12d0cd71754945bf8b1da68bad,0.45
0x2471ceb7520b926ba02d876cd032fd020237e413,0.45
0x3f62e793b13f385f20ad189b9684f93584d658f1,0.429
0xfb8e5fec59ca5ad0d1cb7bce83086f1dd508e6b2,0.42679979
0xc52639c0ce01b289c75f8227ead92e17fa943330,0.42355991000000004
0x3aaf2a2aef4b6d88f7918ef140e6441edd1c9829,0.42176
0x216f6f1500fabb44d9e20b2116737e5917d53279,0.414
0xfec6cb234ab395277c0286bd0161858fcf70d48f,0.402
0xca59e9d4e0f590620e4c85ec2d813bb27de980aa,0.4
0x1c1bb5915cec7da52985a2765519fc23483c93b0,0.4
0x17efdcf0a220b95ba2576b43227ba6b6ec1fe078,0.4
0x2df3f64d8b900617a3ee141bde6ebee231ede1a2,0.4
0x762e6cc2c49da079a6e41fe2602a88644a5ebcf6,0.4
0xb14d12eceb4afd96a7f67988880ad8f38d8611ba,0.4
0xfbb1b73c4f0bda4f67dca266ce6ef42f520fbb98,0.4
0x2975561bc663e27b87a4d403c06e97b011b1870e,0.4
0xede9184738694ea7babc2c7ec8e593b359b5360b,0.4
0x0234781b17a3607cd53636d76e9a5828de35e875,0.4
0x938cd068ea9bf1d37b217f8aa696d154551a93e4,0.4
0xf04243e8b173ef5aa32080c722bba89bfd1732f4,0.393040007
0xebf94c309ca37d21eef49ec6a4dcce3e8e861233,0.39
0x2335b409ec4ced7d48d042e2358f141f75570734,0.38295
0x067f666055ef0ad40516562c1fc37414726504fc,0.37124
0x062413b52589967cc5bb921309a652fa611571c6,0.367756
0x16c95bff3b8c65411d1c790407faf33db5a17649,0.36533762334104636
0x7028c487a6da4a784960730b044926275ed4d802,0.355
0xc4d57535ae3522069f91c77ea98c9c973dc70386,0.3541267280031147
0x743ce3d38e3508942d0ecce641d9492f2acabef3,0.35318101
0x300855ae88587bff6425ac30e260533a0eaabefc,0.35
0xfc12197925e4e97946d071aba4e90984ce5b8305,0.35
0xa18b64229bd199d2080fa0fca95e3c36c567b4e4,0.34840197
0x99c9e375a050457cf7f0613692d771948538ab4a,0.345084162
0x709f3cb48e9ce32b8978680a23f017cc1bf2a053,0.34
0xb2c3672260e2764c092e5189881c21f93635cb41,0.33
0x094bf38d55ff31af647ed0341a66401429a01f48,0.33
0x0c71e585c1b6f41e6f2b01c242d98b1085b5a30a,0.33
0xb22f376f70f34c906a88a91f6999a0bd1a0f3c3d,0.33
0xec88712704aa37d72a4db5da32f446ebe55f1182,0.32309233
0x83c69d91de947e1a78e3eadbda97524943164ad2,0.320960055
0xc4a2c034821c93dd76317d0031505b249ef9159b,0.320434
0x7e4538e819dc854b5ae323b83d94269b98388293,0.317
0x933f85958cfac504ad9087d3cc022626f1ca18f5,0.312
0x8845824e538db8728fa5089a57a547d783310b49,0.31018
0x6d437bdf7f131caa50e2f4962f95753ed244582d,0.31
0xe49f28af5cb859b147f128593ed601dc3f28f741,0.304
0xf5d14ee784e6d780f25e34af31dc2e7ca908ab88,0.30008844
0x20f23e18f5037d96eb974bc9e42019fb6f76e4ce,0.30000000000000004
0xfcf68697d623b01d9885517f81f76a3e514ef0f3,0.3
0x779f7997ab5e572bf0c550b0c8530a26af7fe481,0.3
0x0aaedf4eb39f79e50d23efbe96a39437560cb3e6,0.3
0x59812f49b755dded197e6f3b22c793b553a360dc,0.3
0x2bb1f0f77bfed9b016924d72494088a161682165,0.3
0x51e90d46c1d41aaaa7cf5e0cc60c891dc437b326,0.3
0x103ef40d48de702761c5861de6dfd3a605a6c245,0.3
0x0c5b2c0e2e9d1ad3b217eeac2efd2a50162ce900,0.3
0x4ba5ae353f47ee76e172ea31ba48b3975de419a7,0.3
0x9e228615bb1304073a3c953d491f407f10fb722b,0.3
0xdb82df1fbc62793672b5e71bb34af56600163d27,0.3
0xd57e63700b7b4772b4a5b4b766ff207ae4287b04,0.3
0x9604d3210ccf82496f8534c50d6b5f8998765ea6,0.3
0xad363bac505959b0b24cd9f8e42b46e2cd398813,0.3
0xe7be9a4d1402214b73583e02980beb0d68a87179,0.3
0x97b662d2eed12d5b8c2362c898941efe3aa3e216,0.3
0x838f83751d12660d3452e5dcf63a6dc1d2fbda47,0.3
0x8f71a00d8065d6d4a148811445c4dc210f58ad54,0.3
0x3fd7e918e481b900165d7c506958355593c53670,0.3
0x99bac6026bb964af06bb89175a1919862f35c66d,0.3
0x6e60261ea66e59866e0a8adfa343c1027bf8a184,0.3
0xf9d1e542e0e67840e8c6d51bd123d20af4140ad1,0.3
0xd2539c12d62176934c1c77725d0d2a6b796a14dd,0.3
0x296dc56079aef72e711867c6810f77421927ca15,0.3
0xd7e7e52ea4be0af1611cdccbbcd609fd400ab1ab,0.299659
0x2a934aa7994cb02623b4038d06e67b8cc3a793d7,0.2958
0x1c11151da533b9a0c6431546207d60cc22df635d,0.2824458589322004
0xb65a6187c4d36a678360768be3784300a00a2c75,0.282
0x2d5dfeba27b78f63ed7f4e47f34c4f3294d3110d,0.282
0xe441074157d7c13ef038784254e4d236c511ce10,0.28
0xea177590a3f796f783d80f6be54168845fad67b6,0.276
0x77cd024786d4ad01a7f80cb205ace972fffe033d,0.27
0xb6da110659ef762a381cf2d6f601eb19b5f5d51e,0.26
0xcd33c7c6d80f679554a62c3c9812a9e3b04af1bc,0.26
0xa5e17540d63b99bfbb3996daf36b03fc3df9f5d8,0.2502
0x47bf23a43bf78c8d88ceb4b246963b29d033fc30,0.25
0xc52a85d19b121576e79e2345725c199c68f7b8bc,0.25
0x22a34fe563c24aac215dc6de055106f11be3299a,0.25
0xab2118739ac6faaf65b4d1217f6a85adfcab9600,0.25
0x27ebf3d06ff858e0e77f81ed4436a635b41caa30,0.25
0xc345f166b42ed7fda92375ef643c2c9ddb34cbf8,0.25
0x71de86cc19147d49a8a173e1df270028e0754f34,0.25
0xa5a6c5a69bb827bf800a9a183ec889fb3f72eb44,0.25
0x53d0d26fd5b12e446aefdc7c8413df288e8df4c6,0.25
0x65f39b47a666dc83e495f2fd62bff549638bd494,0.25
0x79138d87a9265d2123178a4db9d2f698f93d308b,0.25
0x0ebd8eadce3c4f406dd37afac13e955c4ec9113b,0.25
0x91d2702016af10eb99f375af1770002aa0a1b876,0.25
0x2e392e3a2c2031f1e1515a7cf92c75c65f198f3a,0.245
0xd9524c8c054656b6d4b4d2fce8ce235de3019724,0.241
0x48dc3bb11befedc2568dee454ffbec6efc1c44e2,0.24
0x60705d6644d2707d4ce61f260eb61f9956b72e30,0.24
0xb86ae04acc34a8b49e4205c28aa869785d941a00,0.24
0xd82160b8afe551f6ff088011c16b400a6056e4bc,0.23380153
0x6c78ddbe4dfc77902ab001a8653e9bf9f6cb387d,0.23
0xa202fc24c690a003c94cd611feb8ac0bb940fd1a,0.23
0x9c322f523257699235802922c6d53f59d19e0524,0.23
0x9e3dd6e44df80a796a5e8035be39336ddb3c6999,0.229
0xeb0b96b37a814f2191ce6d40c228c8e2bd980353,0.2285
0x4004e70e75a814a1b946169864c2d1b663dbdff0,0.22695355
0x04279f1942b3af316f9dd2f92b567e8184d488df,0.22135333
0xa172fcb39cad5b60024b42be47ad8311a0d1ffe2,0.22
0x53c3e083794d95f92841887ff1fb001b50bbf6a3,0.22
0x0405a3dec74964cadf94641a5493a8fa39a46f03,0.218502973
0xa74594b63091c4f37d43ea15d10b44fc9f46c0fc,0.216
0xb21166709be25ba08cd0cdfa3199d0f429fc236f,0.21
0x165a8d8b16943f38f3c440bf6c8290941cae2fd1,0.21
0x35ff612034054e1739c579e3617c2dc055a5c1a2,0.20674728
0x488096a228870a156e9532f7da2fdff9a6fabf30,0.205
0xe9bd4c0c9caa80d71873db431af435d1d66299be,0.20355218519257634
0x14f7f1344ee6dfe20dd9d292c543e9e443babbec,0.2
0xb031a0ea80a64f68f197a05696c4390fa0ea6313,0.2
0x48a878c7c4b3290a01e19d20fc020e3337809d84,0.2
0x29284bf7f7cc8c15342d6a38511a93e9e0d90cb6,0.2
0x3e14be56637ee53c4a85a439a03a9b44d144f032,0.2
0x306bb8324dcb110b19eb1da3e0904e16c21695ac,0.2
0x5ed5b611aab3bb5321c17e70bf0c52f3f856dee1,0.2
0xc65b34371f98426b1f43ccff6f55ee84cf7c3074,0.2
0x168de49910300c1227837c879619972457584e51,0.2
0xbb96579b6a4e8b040e40ade57027c511744cd354,0.2
0xdbfea546ca6d157b9c6bfd5ff575755198a3d7c0,0.2
0x0cd3092d6eda19d05a90b59e1e028eccf5b749a5,0.2
0xd1ccb1a9a31a8e985f2b1ba354a6ac829a2e161f,0.2
0x8f7ef4c7da7fe95a502c1aeb638351bfc4999304,0.2
0xb495446655fec6e44d78dac2c7aa4445da04c975,0.2
0x758d5b06936342696919be5c7b9ad69c4849ec40,0.2
0x8856d7667345871a09f588be5887628bdbe6249b,0.2
0xc9e765d936f877e3f39d313f7dcb9a5e596d1c6c,0.2
0x075994a70717dbe0b3138f5154855de0a8d0dd0f,0.2
0x07ba5c44575a30e39a138a74a4d3b74ebb460a9f,0.2
0x0ee843d36f008e96cecbd59ebfcd996215c3333d,0.2
0x9169720e17b3a3770694ac9b1057ecb5e90f4a66,0.2
0x16ea1f673e01419ba9af51365b88138ac492489a,0.2
0x79e243f03cd9cce584a40ba8bb299ce72f1e0ffb,0.2
0x3685d17da900254718175fcabd385a62b81b1c51,0.2
0xb78f944d1335320c13431208679b53fc927f2eb0,0.2
0xad6e33d1e2bec5206d573f70855b275fbabb9c72,0.2
0xde0d066060791680d53744b3496ea021ca02fbb0,0.2
0x9d2e4bdc1e980e576a3a194f6f5eeda0ebd6dca1,0.2
0x23e5217178c6c4edcf280aa64b20e3f6d9f7621f,0.2
0xc569011652c8206daf01775a01e4ba0ddb25dddf,0.2
0x87a21b3415163e115e31b88f7daa75f2e095385f,0.2
0x1080355c93a1b4c0dd3c340eed4f7e514c583077,0.2
0x414cc62dc5c2081eca297928b469cdddc5c8f398,0.2
0x7f88b00db27a500fbfa7ebc9c3caa2dea6f59d5b,0.2
0xec5ad3776a7535724ae997129a54d2541fb11557,0.2
0x8e569f4aca8ecfd233a6802c4c063ba7336803d5,0.2
0xa84439734b8661e3f15ffe35f0e43a39d5c404d9,0.2
0xf03af1891534c133d7847241a60840fadcfa442d,0.2
0xeb75d06a9ff740df3b14fd0cda72e416f9103205,0.2
0xa16010913c20b2d09defe97d2bed65d6019cbef9,0.2
0x1c0c9bde8fb9cad2562edc25f9d36310342a6d53,0.2
0x16ec8a7f9d21ea94be12d4765ad2e5597f82c9fe,0.2
0xd5d14cb4b53c529d76c1d986eff9e30fdc06ac0f,0.2
0xbb3c1eda2efd5bbb7a123719e059ea92476df6db,0.2
0x881981a913a097c5636669bc78bf0451af63ed0f,0.2
0x5917bed8bf1a8270249685ce1ac3674af615d575,0.2
0xb4c33477b04933c2bdde66c76fc0e15dcab707e4,0.2
0x79e95f5b9679ca97da6823864548b223024f56ff,0.2
0x5b28167a40b9b25df79af2a7934a4ef8414d09e2,0.198
0x3a87006844d9115eed41aaa96de54a0f803ef8e6,0.197
0xf3772ba7953030905b8069f1abb4a051888faa91,0.196
0x29ab5a5630fe9328e9435957d541f83c63629cf6,0.19
0x058aa011c57dbcea06a680a40eb977407da66afd,0.19
0x6ff16ccb880e0dff5eb8fdd03940f4fd9f33a9bd,0.19
0xae9e01a012f24a69aec54d41b9469335c4d4ebc6,0.18
0xa6295a98165ed82c8a7580629b9de06b37da58a0,0.18
0x80d2c409d50561de71565fe82529d663719e9568,0.179
0xd2bb8bfb99bb2b457c1dbe41556e1bca436a58c6,0.1785
0xe249732213519e3ac555f42bca025f298d15e121,0.17725
0x5fb76fc16d9ad9a3d82f6d8bd00cd21291c385e4,0.174
0x0437aaa252279b28a950c0b2fae70a5d1bb9897b,0.174
0xf6530a7bed0cc3307036745bfa600f6828d4bf02,0.173
0xf749054f268420711349c8450c2a1bc9482818a1,0.168888
0x532cbc68f66bb7482086a15972fa20ee3aca21c4,0.168
0xa8c2a4432b109b8a3d3f71ff9a19048201d0a15b,0.16
0x307dec2fff099c3b36cfdd1ff51b37d5ecc97ec5,0.154245038
0xf7d02acd4bfeb8fbc786379f5fcd75913f90fda9,0.1532
0x0044ab52d575d5b3512889cabb4bc70cd38b5185,0.15
0x5cb9a1920121822a328ad470a02c42149be7c698,0.15
0x8f79e60d18fce52a20f3d76c641d88fcbcac83c2,0.15
0x439a6a8c18b981fc63857d885552a70ce6eda741,0.15
0x239c487a9e2667a68f00f6ace08b2140aed4a9ec,0.15
0xeae830a9de9583fa2aba47a3973f75d7f32cc5bb,0.15
0x21220a35d9206f432f0dfa454e178186669ee61c,0.15
0x0f29b29f9b76220698e336ba4707dd9848140e52,0.15
0xacf14ab404274b72e919f22ae4638f52797833a3,0.15
0xa2c8fecf9553aa162a31e392e72c3c0e7fe0e90b,0.15
0x218b296c0af0d8e70238e1d028d91767a54cd6ed,0.15
0xaeb575549eebb1c98f2c1482b75ae06f493047d8,0.15
0x42353a7fc70eab5c0017733813805313b7b10b8b,0.15
0xe1b4cdf609645547ce29ab7f4698fd8623f13794,0.15
0x439a6734b764d5079be22553f82d9d67696f5879,0.15
0x07ffad50741cb4dc0486426f58ae9b71c1bf9b33,0.15
0x09bf37797f876ba403dd44a678b075d3e624c2c2,0.149
0x50316beaf092ecb056444ba404a119f626592506,0.14583898
0x73d2e07f12ff5a5dc1cf2d6866bdfa35c03c46ad,0.145
0xedff48cbffe34395a8cec6538c6dde1bccf7fe58,0.145
0x719e65cdb86889a3ce09c5ef83f6bd900831c6df,0.143820232
0x66f22756ac476e2bd68d17a09402466182919062,0.13333333
0xff5fe95d0562da3eea01e6a77e360da722b81665,0.131
0x7bd4cdc4b77c8249c3517368e3694d461688a435,0.13
0x5303246747840b2630bdcebad2a31cbc67a18415,0.13
0x1b6dbcb1bec4e7af313865168c1d45ccee6e9186,0.13
0x487088b1e36dc17f5e3c7739b08e8d3c3dac7ff1,0.13
0x86f8c74454ff8e1e7e7986bcf267d4167ee44320,0.128971241
0x18b89abffe76e8393a0028c27bd99a78629461d2,0.123
0xc2ffdb67e1d19f207a2370da914bdb1b8f300d54,0.121
0x7fd62ea2db8184d51331e8fe6da28ee7b0d9584d,0.12
0xe2e584319f57671638cb28321b830e4a79d47218,0.12
0x0eef0fa43402c34e376755a93489990c418b5ad0,0.12
0x95a063d3b973340afa7de2740f2d5503bfc74378,0.12
0xf9bd4e2fb68d73f979f3760fd77d273484d699f1,0.12
0xc274e360e1bb86320803ac4d2ea6dbc752992e01,0.12
0x34a065be1ea426d47ec1d642ac1d7776ce85361f,0.12
0xc284b4017bd7e34fa2628c79048d1afb0d50ce72,0.12
0x142a2892fb922620594c5a60f62453a9b2a42cad,0.12
0x1e980e407f72bf4ebbb51b4a730fe2e1e93361ee,0.115255
0xf4c0047386bf29d55c6564be7e2c062f1768a232,0.11
0x875b93eabdde5b177c7277da54f9e794cb274e30,0.11
0x2f68a91514b7fcad7006eb190fb8e7904fd11e7b,0.11
0xca0a34b2c8f23011726633218824a10d46472bc8,0.11
0xb9bfdb3150fdf4e689528090159e25920947487f,0.11
0x9ada414e29a66a689bd65f9b945fbd2d19150b61,0.109034
0x3d6f29c67f571cad827bb512c7949b0a1c0b9899,0.105
0x8be7f5651f034f708a09aa30fae0fbc6ab1d4993,0.10404682937309169
0xe29268490328462a382d09cfbef86d5704eb02f3,0.104
0x8279b6960c01952657a8df1a879f21b53be9ef76,0.101
0xf083f2e62e89435356bffcd3e67f67c526065706,0.101
0xbe1d9d4933b9ed1f5a5109be3d982e2354af38d1,0.1
0x00acb450c00c9d7470448b37d64efd8f8bc838ce,0.1
0xa8556e5c357f7f66cb5266b1a44478804009b3cf,0.1
0xd4b81a36d26f4ecc7e5155173654343915512e7d,0.1
0xbede50bf64aa470a23845179e2fef65a59882400,0.1
0x0a1f509ad0711ac85fc7eacb5bcd7ba86ff84e25,0.1
0xf0fdc8dad5e288c17c059c6cb4bed594ce273389,0.1
0xb6c02ed7ebecaf1e2423abeaa72a7473e342e23f,0.1
0x8c03145d6f9314f4072c2b434cbea17b7181265a,0.1
0x1f5522d00170e5f3711ff957acf038df3c6df50b,0.1
0x68dd752057de803ff570029632aacaf2fa2750d0,0.1
0x2e68c2f64456a2a7f473ade6d55588b1496c635b,0.1
0xad8d5eb667a0735b524e7935f563be7d08161bbf,0.1
0x4b514b3c2763201ed1d17269133d0746d1b445f0,0.1
0xd556deca7ef3d5f963d73297a7ba3fb67b4d92d5,0.1
0xb4d187844a342d93dd5ff8b3b3523e594a7999ce,0.1
0x7c08e3c07766c4c952945105775eca2c4afc8a30,0.1
0x7f3f6cf914aa55fdcdaffb2b0c55a37871e6c589,0.1
0x57bf877ea6ad94e6999dc9705cf1a130ff4d81c3,0.1
0x3a4fdd418b9080db4be5887f5e8cdcf124338264,0.1
0xcd8fa1e688f120ad84eb109cf5f6631d0140ea82,0.1
0xc8d9f95668c97ae16aad8add795134bfe94bf8af,0.1
0x7f7f51f0e4a096dfaab050683baedc17c4444713,0.1
0xeffe712bf9ecd84b150f4f1afc5af8d4ff5fc5e7,0.1
0xfcb610262c46f4cfe86058a7bd8a3da0eeaddb6d,0.1
0x5b183ce7f76fb730bdc20acdc8aaf4b722d292cf,0.1
0x0b3ffbc3eb6c3005a204610ac19446ad9167f460,0.1
0x93a84fd71ea7f4eb44448a99801890ca05cd2563,0.1
0x38a3b8209d01901313db94e50decdfdf04e49436,0.1
0x985beeb7af8d56ca468cfa161eb4f7d7b07597d7,0.1
0xbabf24ac0224eb3bb47b5ce846af5589206b6aa3,0.1
0x45f0fcd8ba1c9a7d8b82ce35527f7f8fb5fc0416,0.1
0x801a768516831d22fbfca473f733a23c41f6d46e,0.1
0xcd18365d34f4a8d6746b81bb7d6dfb08d13c7dc0,0.1
0x7a6c9014ec6833151c236fcdfb18f413355818e4,0.1
0x576bb8f908aef4a2e3cf20f3ff9086c61dbcdaef,0.1
0xd97e6b77f1b9313e4d22481fa246de91e80a6084,0.1
0x0c87e21ab23ffe885b7cbea781b93adf67f06de8,0.1
0xcab71d365cfc3b927d50cfbca602f1082451a688,0.1
0x68ee5e7298f350b9c9b18229c3818388b1851b50,0.1
0x8fc2709164c48bd1c9c8858b17c4f3abddd06764,0.1
0x75a1b47cd6daad2d257eadd70ece1b4c5d148eaf,0.1
0xde85906e9d436d8705aac205cb19350c0aa9655f,0.1
0x4fef95c773da7c984a0b8b752930d49d0403d3a6,0.1
0x0f980a084946c288050ed74bffab8638c94dfc35,0.1
0x86a23e36cc1f39940fa5c8e517f4cba74e1c3818,0.1
0xf19446b004436393ce840a48287fe2b85824f64f,0.1
0x2c249a2089c5659d12b4f4ff71daa5b7ec1d0631,0.1
0x0481b2ac44e46e8b8f0e75836cb2a4c396034b60,0.1
0xdb1790280cebefcce22fc2bc4ee52804be902e26,0.1
0x38294068f8958e0aa02588f7b878b38bb31b49af,0.1
0xb5ca6eeed1634d081037c1a53355fdc62fb51778,0.1
0x7e85f7e187feecd44eb9cf91f663d4a996c930aa,0.1
0x0e32a30dc8ae33536fae509138fc25d8c1363998,0.1
0xee94f87415834df846ae1eaa445d6a89b9f4a671,0.1
0xd5346edcf251e0b03ae2d6ae0850321068f00651,0.1
0xb071b8678c2dd0e3781101896c281c25314ee8f9,0.1
0x970826ad6403e330fcd24b7abeb7072204e0f889,0.1
0x858a35751cb560972726e0c24539b9da361ba86c,0.1
0x5491ffa2edb559721201dcaeb56cab61b652f35a,0.1
0x914e8cee83a49294be61afd0f41b0aa740eb7d04,0.1
0x54d047199073a2eb53646826990fdfeb165cae84,0.1
0x45ece8b3ecdfa9d1a9657bce8d9b148ddce6aec2,0.1
0x25713408caf21f3c444f777ba67814e26fb94dd9,0.1
0x1d214d347d621e8cf37b825c044bd9708f3f2fa8,0.1
0xf4614b8a87cf8f020e417bf45b51837a8f027270,0.1
0x44c51816d2b75cbd5cf63b2c8107e6f8d9a39529,0.1
0xbecc66fcc71b45d4ced8eb235b3853cbab2dc449,0.1
0xdc7e911178bbbdbb32c29fcaf8fd01d611049371,0.1
0xdc7b254e5ab8a06a4297ceabdf165555dfa4235d,0.1
0x72565544c04e8038d9c08f1adfaa9b67ba17e680,0.1
0xe5841f58ed75302d73b85ce27366a98176b33333,0.1
0xd1d41cb6c7152923b3ed6ad8663e5f6b3175a443,0.1
0xb51f161128c5ba3c1ad0c2ff7636940b1cbb26e0,0.1
0x166e9e207b79872280a33b6d4bd1b1b591602006,0.1
0x45c556aff90d5fe6e91d24874a8036693cec18d0,0.1
0x50e55cc6cc301f39c30ba4167c24964cf0204e2b,0.1
0xdf0619f117163d7f756911b04835d0e5a18d1257,0.1
0x641d25e14770d05090e5b16fbacaecc5c81886f4,0.1
0x99bb4b77e278b44bf1a82d59536e3a9c14fe9a69,0.1
0xafd98c2fcdc1e2ffef73b4c7260518ff3c60e2b0,0.1
0xbdf9b5bda53c709cce44a073067b3e26afe1d816,0.1
0x8e214ff690e800b151d9091e563f75c45baf9e93,0.0
